
{
  "header": {
    "reportVersion": 1,
    "event": "Allocation failed - JavaScript heap out of memory",
    "trigger": "FatalError",
    "filename": "report.20200411.022754.491240.0.001.json",
    "dumpEventTime": "2020-04-11T02:27:54Z",
    "dumpEventTimeStamp": "1586543274791",
    "processId": 491240,
    "cwd": "E:\\02_upworks\\11_masonry_image_modal_angular\\masonry-image-modal",
    "commandLine": [
      "C:\\Program Files\\nodejs\\node.exe",
      "E:\\02_upworks\\11_masonry_image_modal_angular\\masonry-image-modal\\node_modules\\@ngtools\\webpack\\src\\type_checker_worker.js",
      "9d93e901-158a-4cf9-ba1b-2f0582ffcfeb"
    ],
    "nodejsVersion": "v12.14.1",
    "wordSize": 64,
    "arch": "x64",
    "platform": "win32",
    "componentVersions": {
      "node": "12.14.1",
      "v8": "7.7.299.13-node.16",
      "uv": "1.33.1",
      "zlib": "1.2.11",
      "brotli": "1.0.7",
      "ares": "1.15.0",
      "modules": "72",
      "nghttp2": "1.40.0",
      "napi": "5",
      "llhttp": "2.0.1",
      "http_parser": "2.8.0",
      "openssl": "1.1.1d",
      "cldr": "35.1",
      "icu": "64.2",
      "tz": "2019c",
      "unicode": "12.1"
    },
    "release": {
      "name": "node",
      "lts": "Erbium",
      "headersUrl": "https://nodejs.org/download/release/v12.14.1/node-v12.14.1-headers.tar.gz",
      "sourceUrl": "https://nodejs.org/download/release/v12.14.1/node-v12.14.1.tar.gz",
      "libUrl": "https://nodejs.org/download/release/v12.14.1/win-x64/node.lib"
    },
    "osName": "Windows_NT",
    "osRelease": "10.0.18362",
    "osVersion": "Windows 10 Pro",
    "osMachine": "x86_64",
    "cpus": [
      {
        "model": "Intel(R) Core(TM) i7-8700 CPU @ 3.20GHz",
        "speed": 3192,
        "user": 6978031,
        "nice": 0,
        "sys": 28987453,
        "idle": 285620734,
        "irq": 3074093
      },
      {
        "model": "Intel(R) Core(TM) i7-8700 CPU @ 3.20GHz",
        "speed": 3192,
        "user": 3872671,
        "nice": 0,
        "sys": 7732687,
        "idle": 309980609,
        "irq": 65828
      },
      {
        "model": "Intel(R) Core(TM) i7-8700 CPU @ 3.20GHz",
        "speed": 3192,
        "user": 18541546,
        "nice": 0,
        "sys": 17971828,
        "idle": 285072593,
        "irq": 159437
      },
      {
        "model": "Intel(R) Core(TM) i7-8700 CPU @ 3.20GHz",
        "speed": 3192,
        "user": 9152437,
        "nice": 0,
        "sys": 9627968,
        "idle": 302805562,
        "irq": 71828
      },
      {
        "model": "Intel(R) Core(TM) i7-8700 CPU @ 3.20GHz",
        "speed": 3192,
        "user": 10088812,
        "nice": 0,
        "sys": 15055328,
        "idle": 296441828,
        "irq": 120937
      },
      {
        "model": "Intel(R) Core(TM) i7-8700 CPU @ 3.20GHz",
        "speed": 3192,
        "user": 4312046,
        "nice": 0,
        "sys": 8351093,
        "idle": 308922828,
        "irq": 42906
      },
      {
        "model": "Intel(R) Core(TM) i7-8700 CPU @ 3.20GHz",
        "speed": 3192,
        "user": 9337593,
        "nice": 0,
        "sys": 16555015,
        "idle": 295693359,
        "irq": 96968
      },
      {
        "model": "Intel(R) Core(TM) i7-8700 CPU @ 3.20GHz",
        "speed": 3192,
        "user": 5023781,
        "nice": 0,
        "sys": 7383609,
        "idle": 309178578,
        "irq": 39765
      },
      {
        "model": "Intel(R) Core(TM) i7-8700 CPU @ 3.20GHz",
        "speed": 3192,
        "user": 7173843,
        "nice": 0,
        "sys": 19605578,
        "idle": 294806531,
        "irq": 81062
      },
      {
        "model": "Intel(R) Core(TM) i7-8700 CPU @ 3.20GHz",
        "speed": 3192,
        "user": 4228921,
        "nice": 0,
        "sys": 8715515,
        "idle": 308641515,
        "irq": 84703
      },
      {
        "model": "Intel(R) Core(TM) i7-8700 CPU @ 3.20GHz",
        "speed": 3192,
        "user": 7430578,
        "nice": 0,
        "sys": 14954812,
        "idle": 299200562,
        "irq": 159093
      },
      {
        "model": "Intel(R) Core(TM) i7-8700 CPU @ 3.20GHz",
        "speed": 3192,
        "user": 5347687,
        "nice": 0,
        "sys": 15273546,
        "idle": 300964718,
        "irq": 39687
      }
    ],
    "networkInterfaces": [
      {
        "name": "Astrill SSL VPN",
        "internal": false,
        "mac": "00:ff:06:a4:67:ce",
        "address": "198.18.20.3",
        "netmask": "255.255.252.0",
        "family": "IPv4"
      },
      {
        "name": "Ethernet",
        "internal": false,
        "mac": "04:d9:f5:5f:4a:ec",
        "address": "fe80::7448:5f5d:2707:5e1a",
        "netmask": "ffff:ffff:ffff:ffff::",
        "family": "IPv6",
        "scopeid": 7
      },
      {
        "name": "Ethernet",
        "internal": false,
        "mac": "04:d9:f5:5f:4a:ec",
        "address": "192.168.1.156",
        "netmask": "255.255.255.0",
        "family": "IPv4"
      },
      {
        "name": "Loopback Pseudo-Interface 1",
        "internal": true,
        "mac": "00:00:00:00:00:00",
        "address": "::1",
        "netmask": "ffff:ffff:ffff:ffff:ffff:ffff:ffff:ffff",
        "family": "IPv6",
        "scopeid": 0
      },
      {
        "name": "Loopback Pseudo-Interface 1",
        "internal": true,
        "mac": "00:00:00:00:00:00",
        "address": "127.0.0.1",
        "netmask": "255.0.0.0",
        "family": "IPv4"
      },
      {
        "name": "vEthernet (Default Switch)",
        "internal": false,
        "mac": "00:15:5d:91:61:c5",
        "address": "fe80::a939:e226:f57f:2482",
        "netmask": "ffff:ffff:ffff:ffff::",
        "family": "IPv6",
        "scopeid": 23
      },
      {
        "name": "vEthernet (Default Switch)",
        "internal": false,
        "mac": "00:15:5d:91:61:c5",
        "address": "172.17.181.49",
        "netmask": "255.255.255.240",
        "family": "IPv4"
      }
    ],
    "host": "DESKTOP-QR81AJL"
  },
  "javascriptStack": {
    "message": "No stack.",
    "stack": [
      "Unavailable."
    ]
  },
  "nativeStack": [
    {
      "pc": "0x00007ff7d5b21759",
      "symbol": "std::basic_ostream<char,std::char_traits<char> >::operator<<+10873"
    },
    {
      "pc": "0x00007ff7d5b25b7c",
      "symbol": "std::basic_ostream<char,std::char_traits<char> >::operator<<+28316"
    },
    {
      "pc": "0x00007ff7d5b24b38",
      "symbol": "std::basic_ostream<char,std::char_traits<char> >::operator<<+24152"
    },
    {
      "pc": "0x00007ff7d5c1433b",
      "symbol": "v8::base::CPU::has_sse+37723"
    },
    {
      "pc": "0x00007ff7d6418c5e",
      "symbol": "v8::Isolate::ReportExternalAllocationLimitReached+94"
    },
    {
      "pc": "0x00007ff7d6400ca1",
      "symbol": "v8::SharedArrayBuffer::Externalize+833"
    },
    {
      "pc": "0x00007ff7d62ce56c",
      "symbol": "v8::internal::Heap::EphemeronKeyWriteBarrierFromCode+1436"
    },
    {
      "pc": "0x00007ff7d62d6671",
      "symbol": "v8::internal::Heap::PageFlagsAreConsistent+3761"
    },
    {
      "pc": "0x00007ff7d62cbcd3",
      "symbol": "v8::internal::Heap::CollectGarbage+1283"
    },
    {
      "pc": "0x00007ff7d62ca4a4",
      "symbol": "v8::internal::Heap::AddRetainedMap+2356"
    },
    {
      "pc": "0x00007ff7d62f2497",
      "symbol": "v8::internal::Factory::NewRawTwoByteString+87"
    },
    {
      "pc": "0x00007ff7d611968c",
      "symbol": "v8::internal::String::SlowFlatten+492"
    },
    {
      "pc": "0x00007ff7d5fe291f",
      "symbol": "unibrow::Utf8::EncodeOneByte+687"
    },
    {
      "pc": "0x00007ff7d611934a",
      "symbol": "v8::internal::String::SlowEquals+842"
    },
    {
      "pc": "0x00007ff7d601c3c7",
      "symbol": "v8::internal::StubCache::value_reference+8727"
    },
    {
      "pc": "0x00007ff7d684463d",
      "symbol": "v8::internal::SetupIsolateDelegate::SetupHeap+567949"
    },
    {
      "pc": "0x00007ff7d6801996",
      "symbol": "v8::internal::SetupIsolateDelegate::SetupHeap+294374"
    },
    {
      "pc": "0x000001e0728bce9e",
      "symbol": ""
    }
  ],
  "javascriptHeap": {
    "totalMemory": 167272448,
    "totalCommittedMemory": 167272448,
    "usedMemory": 159742088,
    "availableMemory": 2038673864,
    "memoryLimit": 2197815296,
    "heapSpaces": {
      "read_only_space": {
        "memorySize": 262144,
        "committedMemory": 262144,
        "capacity": 261872,
        "used": 32296,
        "available": 229576
      },
      "new_space": {
        "memorySize": 1048576,
        "committedMemory": 1048576,
        "capacity": 1047488,
        "used": 1047256,
        "available": 232
      },
      "old_space": {
        "memorySize": 123056128,
        "committedMemory": 123056128,
        "capacity": 122885064,
        "used": 120288656,
        "available": 2596408
      },
      "code_space": {
        "memorySize": 3309568,
        "committedMemory": 3309568,
        "capacity": 3149824,
        "used": 2902784,
        "available": 247040
      },
      "map_space": {
        "memorySize": 4984832,
        "committedMemory": 4984832,
        "capacity": 4978912,
        "used": 968640,
        "available": 4010272
      },
      "large_object_space": {
        "memorySize": 34562048,
        "committedMemory": 34562048,
        "capacity": 34498904,
        "used": 34498904,
        "available": 0
      },
      "code_large_object_space": {
        "memorySize": 49152,
        "committedMemory": 49152,
        "capacity": 3552,
        "used": 3552,
        "available": 0
      },
      "new_large_object_space": {
        "memorySize": 0,
        "committedMemory": 0,
        "capacity": 1047488,
        "used": 0,
        "available": 1047488
      }
    }
  },
  "resourceUsage": {
    "userCpuSeconds": 82.375,
    "kernelCpuSeconds": 6.921,
    "cpuConsumptionPercent": 1.26089,
    "maxRss": 320143360,
    "pageFaults": {
      "IORequired": 977046,
      "IONotRequired": 0
    },
    "fsActivity": {
      "reads": 6270,
      "writes": 8
    }
  },
  "libuv": [
  ],
  "environmentVariables": {
    "=C:": "C:\\",
    "ALLUSERSPROFILE": "C:\\ProgramData",
    "ANDROID_HOME": "C:\\Program Files (x86)\\Android\\android-sdk",
    "ANDROID_SDK_ROOT": "C:\\Program Files (x86)\\Android\\android-sdk",
    "APPDATA": "C:\\Users\\baifeng\\AppData\\Roaming",
    "BROWSERSLIST_IGNORE_OLD_DATA": "1",
    "ChocolateyInstall": "C:\\ProgramData\\chocolatey",
    "ChocolateyLastPathUpdate": "132239642313749714",
    "COLORTERM": "truecolor",
    "CommonProgramFiles": "C:\\Program Files\\Common Files",
    "CommonProgramFiles(x86)": "C:\\Program Files (x86)\\Common Files",
    "CommonProgramW6432": "C:\\Program Files\\Common Files",
    "COMPUTERNAME": "DESKTOP-QR81AJL",
    "ComSpec": "C:\\Windows\\system32\\cmd.exe",
    "dp0": "C:\\Users\\baifeng\\AppData\\Roaming\\npm\\",
    "DriverData": "C:\\Windows\\System32\\Drivers\\DriverData",
    "FPS_BROWSER_APP_PROFILE_STRING": "Internet Explorer",
    "FPS_BROWSER_USER_PROFILE_STRING": "Default",
    "HOMEDRIVE": "C:",
    "HOMEPATH": "\\Users\\baifeng",
    "JAVA_HOME": "C:\\Program Files\\Java\\jdk1.8.0_241",
    "LANG": "en_US.UTF-8",
    "LOCALAPPDATA": "C:\\Users\\baifeng\\AppData\\Local",
    "LOGONSERVER": "\\\\DESKTOP-QR81AJL",
    "NUMBER_OF_PROCESSORS": "12",
    "OneDrive": "C:\\Users\\baifeng\\OneDrive",
    "OS": "Windows_NT",
    "Path": "C:\\Program Files (x86)\\Common Files\\Oracle\\Java\\javapath;C:\\Python27\\;C:\\Python27\\Scripts;C:\\Windows\\system32;C:\\Windows;C:\\Windows\\System32\\Wbem;C:\\Windows\\System32\\WindowsPowerShell\\v1.0\\;C:\\Windows\\System32\\OpenSSH\\;C:\\Program Files\\nodejs\\;C:\\ProgramData\\chocolatey\\bin;C:\\Program Files\\Microsoft VS Code\\bin;C:\\Program Files\\Java\\jdk1.8.0_241\\bin;C:\\Users\\baifeng\\AppData\\Local\\Android\\Sdk\\build-tools\\29.0.2;C:\\Program Files\\Git\\cmd;c:\\gradle-6.1\\bin\\;C:\\Program Files\\dotnet\\;c:\\xampp\\php\\;C:\\Program Files\\Java\\apache-maven-3.6.3\\bin;C:\\Users\\baifeng\\AppData\\Local\\Microsoft\\WindowsApps;C:\\Users\\baifeng\\AppData\\Roaming\\npm;C:\\Users\\baifeng\\AppData\\Local\\GitHubDesktop\\bin;d:\\flutter\\bin\\;C:\\Users\\baifeng\\.dotnet\\tools",
    "PATHEXT": ".COM;.EXE;.BAT;.CMD;.VBS;.VBE;.JSE;.WSF;.WSH;.MSC",
    "PROCESSOR_ARCHITECTURE": "AMD64",
    "PROCESSOR_IDENTIFIER": "Intel64 Family 6 Model 158 Stepping 10, GenuineIntel",
    "PROCESSOR_LEVEL": "6",
    "PROCESSOR_REVISION": "9e0a",
    "ProgramData": "C:\\ProgramData",
    "ProgramFiles": "C:\\Program Files",
    "ProgramFiles(x86)": "C:\\Program Files (x86)",
    "ProgramW6432": "C:\\Program Files",
    "PROMPT": "$P$G",
    "PSModulePath": "C:\\Program Files\\WindowsPowerShell\\Modules;C:\\Windows\\system32\\WindowsPowerShell\\v1.0\\Modules",
    "PUBLIC": "C:\\Users\\Public",
    "SESSIONNAME": "Console",
    "SystemDrive": "C:",
    "SystemRoot": "C:\\Windows",
    "TEMP": "C:\\Users\\baifeng\\AppData\\Local\\Temp",
    "TERM_PROGRAM": "vscode",
    "TERM_PROGRAM_VERSION": "1.43.2",
    "TMP": "C:\\Users\\baifeng\\AppData\\Local\\Temp",
    "USERDOMAIN": "DESKTOP-QR81AJL",
    "USERDOMAIN_ROAMINGPROFILE": "DESKTOP-QR81AJL",
    "USERNAME": "baifeng",
    "USERPROFILE": "C:\\Users\\baifeng",
    "WEBPACK_DEV_SERVER": "true",
    "windir": "C:\\Windows",
    "_prog": "node"
  },
  "sharedObjects": [
    "C:\\Program Files\\nodejs\\node.exe",
    "C:\\Windows\\SYSTEM32\\ntdll.dll",
    "C:\\Windows\\System32\\KERNEL32.DLL",
    "C:\\Windows\\System32\\KERNELBASE.dll",
    "C:\\Windows\\System32\\WS2_32.dll",
    "C:\\Windows\\System32\\RPCRT4.dll",
    "C:\\Windows\\System32\\ADVAPI32.dll",
    "C:\\Windows\\System32\\msvcrt.dll",
    "C:\\Windows\\System32\\sechost.dll",
    "C:\\Windows\\SYSTEM32\\dbghelp.dll",
    "C:\\Windows\\System32\\USER32.dll",
    "C:\\Windows\\System32\\ucrtbase.dll",
    "C:\\Windows\\System32\\win32u.dll",
    "C:\\Windows\\System32\\GDI32.dll",
    "C:\\Windows\\System32\\gdi32full.dll",
    "C:\\Windows\\System32\\msvcp_win.dll",
    "C:\\Windows\\System32\\PSAPI.DLL",
    "C:\\Windows\\System32\\CRYPT32.dll",
    "C:\\Windows\\System32\\MSASN1.dll",
    "C:\\Windows\\System32\\bcrypt.dll",
    "C:\\Windows\\SYSTEM32\\IPHLPAPI.DLL",
    "C:\\Windows\\SYSTEM32\\USERENV.dll",
    "C:\\Windows\\System32\\profapi.dll",
    "C:\\Windows\\SYSTEM32\\WINMM.dll",
    "C:\\Windows\\SYSTEM32\\winmmbase.dll",
    "C:\\Windows\\System32\\cfgmgr32.dll",
    "C:\\Windows\\System32\\bcryptPrimitives.dll",
    "C:\\Windows\\System32\\IMM32.DLL",
    "C:\\Windows\\System32\\powrprof.dll",
    "C:\\Windows\\System32\\UMPDC.dll",
    "C:\\Windows\\SYSTEM32\\CRYPTBASE.DLL",
    "C:\\Windows\\system32\\uxtheme.dll",
    "C:\\Windows\\System32\\combase.dll",
    "C:\\Windows\\system32\\ASProxy64.dll",
    "C:\\Windows\\System32\\ole32.dll",
    "C:\\Windows\\System32\\OLEAUT32.dll",
    "C:\\Windows\\SYSTEM32\\MSWSOCK.dll",
    "C:\\Windows\\SYSTEM32\\VERSION.dll",
    "C:\\Windows\\SYSTEM32\\SspiCli.dll",
    "C:\\Windows\\System32\\kernel.appcore.dll",
    "C:\\Windows\\System32\\NSI.dll",
    "C:\\Windows\\SYSTEM32\\dhcpcsvc6.DLL",
    "C:\\Windows\\SYSTEM32\\dhcpcsvc.DLL",
    "C:\\Windows\\SYSTEM32\\DNSAPI.dll",
    "C:\\Windows\\system32\\napinsp.dll",
    "C:\\Windows\\system32\\pnrpnsp.dll",
    "C:\\Windows\\System32\\winrnr.dll",
    "C:\\Windows\\system32\\NLAapi.dll",
    "C:\\Windows\\system32\\wshbth.dll",
    "C:\\Program Files\\Bonjour\\mdnsNSP.dll"
  ]
}